C1,120.12,32.71,180.00,,ESP32_WROVER_EAGLE-LTSPICE_C0402
C11,158.01,49.71,90.00,,ESP32_WROVER_EAGLE-LTSPICE_C0402
C12,82.98,33.09,0.00,,ESP32_WROVER_EAGLE-LTSPICE_C0402
C13,152.90,13.09,90.00,,ESP32_WROVER_EAGLE-LTSPICE_C0402
C14,70.82,19.09,90.00,,ESP32_WROVER_EAGLE-LTSPICE_C0402
C15,72.74,19.09,90.00,,ESP32_WROVER_EAGLE-LTSPICE_C0402
C16,78.53,21.09,90.00,,ESP32_WROVER_EAGLE-LTSPICE_C0402
C17,80.58,21.09,90.00,,ESP32_WROVER_EAGLE-LTSPICE_C0402
C18,86.50,21.09,90.00,,ESP32_WROVER_EAGLE-LTSPICE_C0402
C19,91.42,21.09,90.00,,ESP32_WROVER_EAGLE-LTSPICE_C0402
C2,134.31,47.71,90.00,,ESP32_WROVER_EAGLE-LTSPICE_C0402
C20,82.34,21.09,90.00,,ESP32_WROVER_EAGLE-LTSPICE_C0402
C21,84.26,21.09,90.00,,ESP32_WROVER_EAGLE-LTSPICE_C0402
C22,88.05,21.09,90.00,,ESP32_WROVER_EAGLE-LTSPICE_C0402
C23,90.10,21.09,90.00,,EAGLE-LTSPICE_C0402
C24,52.49,101.90,90.00,,EAGLE-LTSPICE_C0402
C25,68.47,107.90,90.00,,ESP32_WROVER_EAGLE-LTSPICE_C0402
C26,152.33,46.90,90.00,,EAGLE-LTSPICE_C0402
C27,93.25,37.90,90.00,,ESP32_WROVER_EAGLE-LTSPICE_C0402
C29,116.17,34.90,90.00,,ESP32_WROVER_EAGLE-LTSPICE_C0402
C3,151.50,12.71,90.00,,ESP32_WROVER_EAGLE-LTSPICE_C0402
C30,95.20,52.85,90.00,CPH3225A,CAPCP3225X100N
C4,53.12,107.71,90.00,,ESP32_WROVER_EAGLE-LTSPICE_C0402
C6,27.88,106.71,90.00,,ESP32_WROVER_EAGLE-LTSPICE_C0402
C7,121.07,46.71,0.00,,ESP32_WROVER_EAGLE-LTSPICE_C0402
C8,88.26,49.71,0.00,,ESP32_WROVER_EAGLE-LTSPICE_C0402
C9,8.45,98.71,90.00,,ESP32_WROVER_EAGLE-LTSPICE_C0402
CAP3,130.63,34.85,270.00,,RCL_CT3528
D1,155.20,48.28,0.00,USBLC6-2SC6Y,SOT95P280X145-6N
D10,14.70,98.01,180.00,PGB1010603MR,DIOC1608X36N
D11,28.95,26.09,90.00,PGB1010603MR,DIOC1608X36N
D12,34.33,26.09,90.00,PGB1010603MR,DIOC1608X36N
D13,134.91,34.52,90.00,ESP32_WROVER_AVX---SD0805S020S1R0_AVX_SD0805S020S1R0_0_0AVX_SD0805S020S1R0_0_0,ESP32_WROVER_AVX---SD0805S020S1R0_AVX_SD0805S020S1R0_0
D2,75.22,30.60,0.00,ESP32_WROVER_AVX---SD0805S020S1R0_AVX_SD0805S020S1R0_0_0AVX_SD0805S020S1R0_0_0,ESP32_WROVER_AVX---SD0805S020S1R0_AVX_SD0805S020S1R0_0
D3,89.17,33.79,0.00,MBR0530,SOD3716X135N
D4,89.01,37.79,0.00,MBR0530,SOD3716X135N
D5,81.85,43.79,0.00,MBR0530,SOD3716X135N
D7,86.50,64.28,0.00,PGB1010603MR,DIOC1608X36N
D8,31.88,26.28,90.00,PGB1010603MR,DIOC1608X36N
D9,37.26,42.28,90.00,PGB1010603MR,DIOC1608X36N
IC1,49.41,102.28,0.00,XC6220A331MR-G,SOT95P280X120-5N
IC2,125.17,35.28,0.00,BD5229G-TR,SOT95P280X125-5N
J1,165.80,54.56,90.00,SAMACSYS_PARTS_USB4110-GF-A,SAMACSYS_PARTS_USB4110GFA
J2,9.09,88.50,270.00,112A-TAAR-R03_ATTEND,112ATAARR03ATTEND
J3,82.44,13.05,0.00,FH34SRJ-24S-0.5SH_99_,FH34SRJ24S05SH99
J5,163.56,24.77,90.00,QWIIC_RIGHT_ANGLE,JST04_1MM_RA
L1,82.23,38.05,0.00,744043680IND_4828-WE-TPC_WRE,IND_4828-WE-TPC_WRE
LED1,125.41,48.58,90.00,,ADAFRUIT_CHIP-LED0603
Q1,77.30,34.61,270.00,20V/4.2A/52mΩ/1.4W,ESP32_WROVER_SPARKFUN-DISCRETESEMI_SOT23-3
R10,62.09,107.90,90.00,,ESP32_WROVER_EAGLE-LTSPICE_R0402
R11,156.93,43.71,0.00,,ESP32_WROVER_EAGLE-LTSPICE_R0402
R12,114.01,34.90,90.00,,ESP32_WROVER_EAGLE-LTSPICE_R0402
R13,156.93,41.90,0.00,,ESP32_WROVER_EAGLE-LTSPICE_R0402
R14,154.85,12.90,90.00,,ESP32_WROVER_EAGLE-LTSPICE_R0402
R15,156.90,12.90,90.00,,ESP32_WROVER_EAGLE-LTSPICE_R0402
R16,130.69,41.90,90.00,,ESP32_WROVER_EAGLE-LTSPICE_R0402
R17,125.61,44.90,0.00,,ESP32_WROVER_EAGLE-LTSPICE_R0402
R18,92.53,52.90,90.00,,ESP32_WROVER_EAGLE-LTSPICE_R0402
R2,28.64,22.71,90.00,,ESP32_WROVER_EAGLE-LTSPICE_R0402
R20,74.45,34.90,90.00,,ESP32_WROVER_EAGLE-LTSPICE_R0402
R21,35.37,41.89,90.00,,ESP32_WROVER_EAGLE-LTSPICE_R0402
R22,10.49,98.71,90.00,,ESP32_WROVER_EAGLE-LTSPICE_R0402
R23,73.05,34.82,90.00,,ESP32_WROVER_EAGLE-LTSPICE_R0402
R24,21.33,106.71,90.00,,ESP32_WROVER_EAGLE-LTSPICE_R0402
R25,47.02,107.71,90.00,,ESP32_WROVER_EAGLE-LTSPICE_R0402
R26,93.17,59.71,90.00,,ESP32_WROVER_EAGLE-LTSPICE_R0402
R27,83.09,63.71,0.00,,ESP32_WROVER_EAGLE-LTSPICE_R0402
R3,33.83,22.71,90.00,,ESP32_WROVER_EAGLE-LTSPICE_R0402
R4,71.76,15.52,0.00,,ESP32_WROVER_EAGLE-LTSPICE_R0402
R5,68.95,13.52,0.00,,ESP32_WROVER_EAGLE-LTSPICE_R0402
R6,31.70,22.82,90.00,,ESP32_WROVER_EAGLE-LTSPICE_R0402
R8,70.98,10.52,90.00,,ESP32_WROVER_EAGLE-LTSPICE_R0402
R9,20.52,38.52,90.00,,ESP32_WROVER_EAGLE-LTSPICE_R0402
R_SPEC,155.77,39.34,0.00,ESP32C6_VARISTORCN1812,ESP32C6_VARISTOR_CT/CN1812
SJ1,68.61,10.93,0.00,,SJ
TP1,10.06,73.20,0.00,TPTP20R,TP20R
TP10,33.85,8.58,0.00,TPTP20R,TP20R
TP11,17.14,73.20,0.00,TPTP20R,TP20R
TP12,54.50,15.58,0.00,TPTP20R,TP20R
TP18,115.15,44.58,0.00,TPTP20R,TP20R
TP19,14.80,25.58,0.00,TPTP20R,TP20R
TP2,150.98,30.20,0.00,TPTP20R,TP20R
TP20,10.45,36.58,0.00,TPTP20R,TP20R
TP21,86.10,17.94,0.00,TPTP20R,TP20R
TP22,13.49,75.20,0.00,TPTP20R,TP20R
TP3,135.90,43.20,0.00,TPTP20R,TP20R
TP4,65.82,81.20,0.00,TPTP20R,TP20R
TP5,150.74,19.20,0.00,TPTP20R,TP20R
TP6,63.66,27.20,0.00,TPTP20R,TP20R
TP7,47.58,31.20,0.00,TPTP20R,TP20R
TP8,45.50,22.20,0.00,TPTP20R,TP20R
TP9,30.42,48.20,0.00,TPTP20R,TP20R
TRANSIST,66.88,18.79,90.00,SI1308EDL-T1-GE3,SOT65P210X110-3N
U$1,65.42,107.91,180.00,BUTTON_CUSYOMV1,MYBUTTON
U$2,50.07,108.07,180.00,BUTTON_CUSYOMV1,MYBUTTON
U$3,24.72,107.07,180.00,BUTTON_CUSYOMV1,MYBUTTON
U1,15.70,50.80,90.00,ESP32-C6-WROOM-1-N8,XCVR_ESP32-C6-WROOM-1-N8
U2,130.39,46.50,90.00,ESP32_WROVER_SPARKFUN-IC-POWER_MCP73831,ESP32_WROVER_SPARKFUN-IC-POWER_SOT23-5
U3,156.25,19.49,0.00,ESP32_WROVER_BME680_BME680,ESP32_WROVER_BME680_PSON80P300X300X100-8N
U4,138.88,47.50,0.00,MAX17048G+T10,SON50P200X200X80-9N
U6,38.14,49.61,0.00,W25Q512JVEIQ,SON127P600X800X80-9N
U7,84.09,57.10,90.00,DS3231SN#,SOIC127P1032X265-16N
